vehicle_id,capacity_kg,cost_per_km,max_working_hours,depot_lat,depot_lon
1,243.98144650760764,1.032522166890713,8,7.5,7.5
2,353.99785060771785,1.1452554087956015,8,7.5,7.5
3,269.96842172735836,1.1521439874553667,8,7.5,7.5
